<meta>
	<info author="Mex" description="Essentials - A resource for GTA:Connected." />
	
	<!-- ThirdParty/ -->
	<script src="Code/ThirdParty/sha512.js" type="server" language="javascript" />
	<script src="Code/ThirdParty/mathjs.js" type="client" language="javascript" />
	
	<!-- Load/ -->
	<script src="Code/Server/Load/Before.js" type="server" language="javascript" />
	
	<!-- Core/ --> <!-- Intentionally not A-Z -->
	<script src="Code/Server/Core/Utility.js" type="server" language="javascript" />
	<script src="Code/Shared/Core/Events.js" type="server" language="javascript" />
	<script src="Code/Server/Core/Chat.js" type="server" language="javascript" />
	<script src="Code/Server/Core/ClientData.js" type="server" language="javascript" />
	<script src="Code/Server/Core/ClientNetwork.js" type="server" language="javascript" />
	<script src="Code/Server/Core/GlobalData.js" type="server" language="javascript" />
	<script src="Code/Server/Core/Models.js" type="server" language="javascript" />
	<script src="Code/Server/Core/XML.js" type="server" language="javascript" />
	
	<script src="Code/Client/Core/Utility.js" type="client" language="javascript" />
	<script src="Code/Shared/Core/Events.js" type="client" language="javascript" />
	<script src="Code/Client/Core/Chat.js" type="client" language="javascript" />
	
	<!-- / -->
	<script src="Code/Server/Accounts.js" type="server" language="javascript" />
	<script src="Code/Server/Admin.js" type="server" language="javascript" />
	<script src="Code/Server/Blips.js" type="server" language="javascript" />
	<script src="Code/Server/CommandAliases.js" type="server" language="javascript" />
	<script src="Code/Server/CommandAltWords.js" type="server" language="javascript" />
	<script src="Code/Server/Commands.js" type="server" language="javascript" />
	<script src="Code/Server/Elements.js" type="server" language="javascript" />
	<script src="Code/Server/Generic.js" type="server" language="javascript" />
	<script src="Code/Server/GlobalKeyBinds.js" type="server" language="javascript" />
	<script src="Code/Server/JoinAndQuit.js" type="server" language="javascript" />
	<script src="Code/Server/Mapper.js" type="server" language="javascript" />	
	<script src="Code/Server/Missions.js" type="server" language="javascript" />
	<script src="Code/Server/PlayerKeyBinds.js" type="server" language="javascript" />
	<script src="Code/Server/RemoveMode.js" type="server" language="javascript" />
	<script src="Code/Server/Resources.js" type="server" language="javascript" />
	<script src="Code/Server/Spawn.js" type="server" language="javascript" />
	<script src="Code/Server/Teleports.js" type="server" language="javascript" />
	<script src="Code/Server/TempPlayerVehicles.js" type="server" language="javascript" />
	<script src="Code/Server/Weapons.js" type="server" language="javascript" />
	
	<script src="Code/Client/Elements.js" type="client" language="javascript" />
	<script src="Code/Client/Generic.js" type="client" language="javascript" />
	<script src="Code/Client/GlobalKeyBinds.js" type="client" language="javascript" />
	<script src="Code/Client/JoinAndQuit.js" type="client" language="javascript" />
	<script src="Code/Client/Mapper.js" type="client" language="javascript" />
	<script src="Code/Client/Missions.js" type="client" language="javascript" />
	<script src="Code/Client/PlayerKeyBinds.js" type="client" language="javascript" />
	<script src="Code/Client/PlayerList.js" type="client" language="javascript" />
	<script src="Code/Client/RemoveMode.js" type="client" language="javascript" />
	<script src="Code/Client/Resources.js" type="client" language="javascript" />
	<script src="Code/Client/Spawn.js" type="client" language="javascript" />
	<script src="Code/Client/Weapons.js" type="client" language="javascript" />
	
	<!-- Load/ -->
	<script src="Code/Server/Load/After.js" type="server" language="javascript" />

	<script src="Code/Client/Load/Ready.js" type="client" language="javascript" />
</meta>