﻿<Root>
	<Command name="accounts" level="0" />
	<Command name="addspawn" level="6" />
	<Command name="admin" level="0" />
	<Command name="alladmin" level="0" />
	<Command name="announce" level="5" />
	<Command name="armor" level="0" />
	<Command name="armour" level="0" />
	<Command name="bigmessage" level="0" />
	<Command name="bleeding" level="0" />
	<Command name="blip" level="5" />
	<Command name="blipdimensions" level="0" />
	<Command name="blipdistance" level="0" />
	<Command name="blipids" level="0" />
	<Command name="blips" level="0" />
	<Command name="blipsyncer" level="0" />
	<Command name="blipsyncers" level="0" />
	<Command name="bounds" level="0" />
	<Command name="bulletproof" level="0" />
	<Command name="calltaxi" level="0" />
	<Command name="cancelmission" level="0" />
	<Command name="centerofmass" level="0" />
	<Command name="civilians" level="3" />
	<Command name="clearmessages" level="0" />
	<Command name="clearweapons" level="1" />
	<Command name="clientids" level="0" />
	<Command name="closegarage" level="0" />
	<Command name="cmd" level="0" />
	<Command name="cmdalias" level="7" />
	<Command name="cmdaliases" level="0" />
	<Command name="cmdlevel" level="0" />
	<Command name="cmdlvl" level="0" />
	<Command name="cmds" level="0" />
	<Command name="collisionproof" level="0" />
	<Command name="command" level="0" />
	<Command name="commandalias" level="0" />
	<Command name="commandaliases" level="0" />
	<Command name="commandlevel" level="0" />
	<Command name="commandlevels" level="0" />
	<Command name="commands" level="0" />
	<Command name="crouch" level="0" />
	<Command name="damage" level="0" />
	<Command name="disablecommand" level="8" />
	<Command name="disabledcommands" level="0" />
	<Command name="dumpcommandstxt" level="8" />
	<Command name="dumpcommandsxml" level="8" />
	<Command name="eject" level="0" />
	<Command name="elements" level="0" />
	<Command name="enablecommand" level="8" />
	<Command name="enterdriver" level="0" />
	<Command name="enterpassenger" level="0" />
	<Command name="entervehicle" level="0" />
	<Command name="exitvehicle" level="0" />
	<Command name="explosionproof" level="0" />
	<Command name="falloffbike" level="0" />
	<Command name="findcmd" level="0" />
	<Command name="findcmds" level="0" />
	<Command name="findcommand" level="0" />
	<Command name="findcommands" level="0" />
	<Command name="fireproof" level="0" />
	<Command name="fix" level="0" />
	<Command name="flip" level="0" />
	<Command name="game" level="0" />
	<Command name="gameversion" level="0" />
	<Command name="get" level="1" />
	<Command name="gkey" level="5" />
	<Command name="gkeys" level="0" />
	<Command name="goto" level="0" />
	<Command name="gotoblip" level="0" />
	<Command name="gotoobject" level="0" />
	<Command name="gotoped" level="0" />
	<Command name="gotopickup" level="0" />
	<Command name="gotopos" level="0" />
	<Command name="gotoposition" level="0" />
	<Command name="gotospawn" level="0" />
	<Command name="gotosphere" level="0" />
	<Command name="gototeleport" level="0" />
	<Command name="gotovehicle" level="0" />
	<Command name="gravity" level="0" />
	<Command name="ground" level="0" />
	<Command name="heading" level="0" />
	<Command name="health" level="0" />
	<Command name="hour" level="0" />
	<Command name="hp" level="0" />
	<Command name="id" level="0" />
	<Command name="interior" level="0" />
	<Command name="interior2" level="0" />
	<Command name="invalidcommandstatus" level="5" />
	<Command name="isbliponscreen" level="0" />
	<Command name="isgarageclosed" level="0" />
	<Command name="isobjectonscreen" level="0" />
	<Command name="ispedonscreen" level="0" />
	<Command name="ispickuponscreen" level="0" />
	<Command name="issphereonscreen" level="0" />
	<Command name="isvehicleonscreen" level="0" />
	<Command name="key" level="0" />
	<Command name="keys" level="0" />
	<Command name="kill" level="0" />
	<Command name="killplayer" level="5" />
	<Command name="level" level="0" />
	<Command name="lights" level="0" />
	<Command name="login" level="0" />
	<Command name="logout" level="0" />
	<Command name="mapper" level="8" />
	<Command name="mass" level="0" />
	<Command name="maxblips" level="0" />
	<Command name="maxhealth" level="0" />
	<Command name="maxobjects" level="0" />
	<Command name="maxpeds" level="0" />
	<Command name="maxpickups" level="0" />
	<Command name="maxplayers" level="0" />
	<Command name="maxspheres" level="0" />
	<Command name="maxstamina" level="0" />
	<Command name="maxvehicles" level="0" />
	<Command name="meleeproof" level="0" />
	<Command name="minute" level="0" />
	<Command name="mission" level="0" />
	<Command name="nearblips" level="0" />
	<Command name="nearobjects" level="0" />
	<Command name="nearpeds" level="0" />
	<Command name="nearpickups" level="0" />
	<Command name="nearplayers" level="0" />
	<Command name="nearspheres" level="0" />
	<Command name="nearvehicles" level="0" />
	<Command name="object" level="5" />
	<Command name="objectdimensions" level="0" />
	<Command name="objectdistance" level="0" />
	<Command name="objectids" level="0" />
	<Command name="objects" level="0" />
	<Command name="objectsyncer" level="0" />
	<Command name="objectsyncers" level="0" />
	<Command name="occupants" level="0" />
	<Command name="onmission" level="0" />
	<Command name="opengarage" level="0" />
	<Command name="pagermessage" level="0" />
	<Command name="ped" level="5" />
	<Command name="peddimensions" level="0" />
	<Command name="peddistance" level="0" />
	<Command name="pedids" level="0" />
	<Command name="peds" level="0" />
	<Command name="pedsyncer" level="0" />
	<Command name="pedsyncers" level="0" />
	<Command name="pickup" level="5" />
	<Command name="pickupdimensions" level="0" />
	<Command name="pickupdistance" level="0" />
	<Command name="pickupids" level="0" />
	<Command name="pickups" level="0" />
	<Command name="pickupsyncer" level="0" />
	<Command name="pickupsyncers" level="0" />
	<Command name="ping" level="0" />
	<Command name="pingabove" level="0" />
	<Command name="playerdimensions" level="0" />
	<Command name="playerdistance" level="0" />
	<Command name="playerids" level="0" />
	<Command name="playermodel" level="0" />
	<Command name="players" level="0" />
	<Command name="playervehicleids" level="0" />
	<Command name="pointgunat" level="0" />
	<Command name="pos" level="0" />
	<Command name="position" level="0" />
	<Command name="register" level="0" />
	<Command name="remcmdalias" level="7" />
	<Command name="removeblip" level="5" />
	<Command name="removeblips" level="5" />
	<Command name="removecmdalias" level="7" />
	<Command name="removecommandalias" level="7" />
	<Command name="removeobject" level="5" />
	<Command name="removeobjects" level="5" />
	<Command name="removeped" level="5" />
	<Command name="removepeds" level="5" />
	<Command name="removepickup" level="5" />
	<Command name="removepickups" level="5" />
	<Command name="removespawn" level="6" />
	<Command name="removesphere" level="5" />
	<Command name="removespheres" level="5" />
	<Command name="removeteleport" level="0" />
	<Command name="removevehicle" level="5" />
	<Command name="removevehicles" level="5" />
	<Command name="resourcenames" level="0" />
	<Command name="resources" level="0" />
	<Command name="resourcesstarted" level="0" />
	<Command name="resourcesstarting" level="0" />
	<Command name="resourcesstopped" level="0" />
	<Command name="restartresource" level="9" />
	<Command name="rot" level="0" />
	<Command name="rotation" level="0" />
	<Command name="saveblip" level="5" />
	<Command name="saveobject" level="5" />
	<Command name="saveped" level="5" />
	<Command name="savepickup" level="5" />
	<Command name="savespawn" level="6" />
	<Command name="savesphere" level="5" />
	<Command name="savevehicle" level="5" />
	<Command name="second" level="0" />
	<Command name="setcmdlevel" level="8" />
	<Command name="setcmdlvl" level="8" />
	<Command name="setcommandlevel" level="8" />
	<Command name="setlevel" level="8" />
	<Command name="smallmessage" level="0" />
	<Command name="snow" level="0" />
	<Command name="spawnarmour" level="0" />
	<Command name="spawnhealth" level="0" />
	<Command name="spawnids" level="0" />
	<Command name="spawns" level="0" />
	<Command name="speed" level="0" />
	<Command name="sphere" level="5" />
	<Command name="spheredimensions" level="0" />
	<Command name="spheredistance" level="0" />
	<Command name="sphereids" level="0" />
	<Command name="spheres" level="0" />
	<Command name="spheresyncer" level="0" />
	<Command name="spheresyncers" level="0" />
	<Command name="startresource" level="9" />
	<Command name="stopresource" level="9" />
	<Command name="teleport" level="0" />
	<Command name="teleports" level="0" />
	<Command name="tempvehicle" level="0" />
	<Command name="time" level="0" />
	<Command name="traffic" level="3" />
	<Command name="trafficdensity" level="3" />
	<Command name="turnvelocity" level="0" />
	<Command name="ungkey" level="5" />
	<Command name="unkey" level="0" />
	<Command name="updateteleport" level="0" />
	<Command name="spawnrandomskin" level="0" />
	<Command name="setspawnrandomskin" level="1" />
	<Command name="v" level="5" />
	<Command name="vehicle" level="5" />
	<Command name="vehicledimensions" level="0" />
	<Command name="vehicledistance" level="0" />
	<Command name="vehiclehealth" level="0" />
	<Command name="vehicleids" level="0" />
	<Command name="vehicleinfo" level="0" />
	<Command name="vehiclemodel" level="0" />
	<Command name="vehicles" level="0" />
	<Command name="vehiclesyncer" level="0" />
	<Command name="vehiclesyncers" level="0" />
	<Command name="velocity" level="0" />
	<Command name="walkstyle" level="0" />
	<Command name="warp" level="0" />
	<Command name="weapon" level="0" />
	<Command name="giveallweapon" level="1" />
	<Command name="weapons" level="0" />
	<Command name="weaponstate" level="0" />
	<Command name="weather" level="0" />
	<Command name="whoinvehicle" level="0" />
	<Command name="whospawned" level="0" />
	<Command name="xoffset" level="0" />
	<Command name="yoffset" level="0" />
	<Command name="zoffset" level="0" />
	<Command name="setcommandalias" level="7" />
	<Command name="setplayermodel" level="0" />
	<Command name="setinterior" level="1" />
	<Command name="setgravity" level="1" />
	<Command name="setspawnhealth" level="6" />
	<Command name="setspawnarmour" level="6" />
	<Command name="addcommandaltword" level="5" />
	<Command name="removecommandaltword" level="5" />
	<Command name="playerblips" level="3" />
	<Command name="skin" level="0" />
	<Command name="setskin" level="0" />
	<Command name="wep" level="0" />
	<Command name="gun" level="0" />
	<Command name="w" level="0" />
	<Command name="saveteleport" level="1" />
	<Command name="sethealth" level="1" />
	<Command name="setarmour" level="1" />
	<Command name="setfalloffbike" level="1" />
	<Command name="setbleeding" level="1" />
	<Command name="setcrouched" level="1" />
	<Command name="setmass" level="1" />
	<Command name="setvehiclehealth" level="1" />
	<Command name="setsnow" level="1" />
	<Command name="admincommands" level="1" />
</Root>